"Address","Word Count","Indexability","Indexability Status"
"https://www.cellobello.org/cello-job/orchestra/tampere-philharmonic-orchestra-principal-and-assistant-principal-cello/","103","Indexable",""
"https://www.cellobello.org/organizer/balourdet-quartet/","54","Indexable",""
"https://www.cellobello.org/cello-job/orchestra/artis-naples-naples-philharmonic-section-cello-one-year/","83","Indexable",""
"https://www.cellobello.org/contact/","16","Indexable",""
"https://www.cellobello.org/cello-lessons/mindset/alisa-weilerstein-interview-psychology-sound-projection/","142","Indexable",""
"https://www.cellobello.org/cello-job/orchestra/opera-de-marseille-4eme-violoncelle-solo/","78","Indexable",""
"https://www.cellobello.org/event/cellobello-online-auction-2021/","190","Indexable",""
"https://www.cellobello.org/cello-lessons/interpretation/master-class-piatti-4/","105","Indexable",""
"https://www.cellobello.org/cello-lessons/interpretation/master-class-schubert-arpeggione-sonata-mvt-3/","189","Indexable",""
"https://www.cellobello.org/cello-lessons/interpretation/master-class-brahms-f-major-sonata-mvt-2-3/","177","Indexable",""
"https://www.cellobello.org/cello-lessons/interpretation/master-class-bloch-schelomo/","177","Indexable",""
"https://www.cellobello.org/cello-lessons/history/tchaikovsky-valse-sentimentale-from-six-pieces-op-51/","136","Indexable",""
"https://www.cellobello.org/cello-blog/tag/reflections-on-beethoven/","131","Indexable",""
"https://www.cellobello.org/cello-blog/tag/challenge/","81","Indexable",""
"https://www.cellobello.org/cello-blog/tag/humor/","69","Indexable",""
"https://www.cellobello.org/cello-blog/tag/performances/","174","Indexable",""
"https://www.cellobello.org/cello-blog/tag/articulations/","70","Indexable",""
"https://www.cellobello.org/cello-blog/tag/brandon/","83","Indexable",""
"https://www.cellobello.org/cello-blog/tag/composition/","151","Indexable",""
"https://www.cellobello.org/cello-blog/tag/thomas-rosenberg/","181","Indexable",""
"https://www.cellobello.org/cello-blog/tag/context/","86","Indexable",""
"https://www.cellobello.org/cello-blog/tag/beethovens-late-period/","48","Indexable",""
"https://www.cellobello.org/cello-blog/tag/familiar/","127","Indexable",""
"https://www.cellobello.org/cello-blog/tag/ability/","170","Indexable",""
"https://www.cellobello.org/cello-blog/tag/virtuosity/","193","Indexable",""
"https://www.cellobello.org/ensemble-lesson/keys-and-harmony-create-mood-and-character/","151","Indexable",""
"https://www.cellobello.org/cello-blog/tag/themes/","86","Indexable",""
"https://www.cellobello.org/cello-blog/tag/melodies/","103","Indexable",""
"https://www.cellobello.org/cello-blog/tag/beethovens-250th-birthday/","131","Indexable",""
"https://www.cellobello.org/cello-blog/tag/soundscapes/","73","Indexable",""
"https://www.cellobello.org/cello-blog/tag/audiences/","163","Indexable",""
"https://www.cellobello.org/cello-blog/tag/unique/","177","Indexable",""
"https://www.cellobello.org/cello-blog/tag/beethoven-quartets/","130","Indexable",""
"https://www.cellobello.org/cello-lessons/history/orchestral-audition-insights/","176","Indexable",""
"https://www.cellobello.org/cello-lessons/history/brant-taylor-starkers-cello-bridge-and-teaching/","159","Indexable",""
"https://www.cellobello.org/cello-lessons/history/beethoven-cello-sonata-no-3-in-a-major-op-69/","96","Indexable",""
"https://www.cellobello.org/cello-lessons/history/pablo-pau-casals-master-class-dvorak-cello-concerto-part-2-of-3/","124","Indexable",""
"https://www.cellobello.org/cello-lessons/body-awareness/tips-on-selecting-a-bow/","147","Indexable",""
"https://www.cellobello.org/cello-lessons/history/paul-katz-on-his-1669-guarneri/","168","Indexable",""
"https://www.cellobello.org/cello-lessons/body-awareness/paul-katz-on-selecting-bows-to-match-his-cello/","132","Indexable",""
"https://www.cellobello.org/cello-lessons/history/pablo-pau-casals-master-class-dvorak-cello-concerto-part-3-of-3/","94","Indexable",""
"https://www.cellobello.org/cello-lessons/history/the-cause-of-feuermann-s-sudden-death/","177","Indexable",""
"https://www.cellobello.org/cello-lessons/history/the-feuermanns-come-to-the-united-states/","65","Indexable",""
"https://www.cellobello.org/cello-lessons/history/marika-hughes-improvisation-and-dissonance/","52","Indexable",""
"https://www.cellobello.org/cello-lessons/history/feuermann-artistry-of-the-bow/","189","Indexable",""
"https://www.cellobello.org/cello-lessons/history/would-feuermann-have-played-jazz/","158","Indexable",""
"https://www.cellobello.org/cello-lessons/category/history/page/6/","99","Indexable",""
"https://www.cellobello.org/cello-blog/tag/time-management/","60","Indexable",""
"https://www.cellobello.org/cello-blog/tag/great-intonation/","60","Indexable",""
"https://www.cellobello.org/cello-blog/tag/chamber-music-practice/","89","Indexable",""
"https://www.cellobello.org/cello-blog/tag/good-instrument-tuning/","61","Indexable",""
"https://www.cellobello.org/cello-blog/tag/student-ensembles/","60","Indexable",""
"https://www.cellobello.org/cello-blog/tag/hand-position/","60","Indexable",""
"https://www.cellobello.org/cello-blog/tag/learn-to-practice/","31","Indexable",""
"https://www.cellobello.org/cello-blog/tag/left-hand-position/","61","Indexable",""
"https://www.cellobello.org/cello-blog/tag/tuning/","97","Indexable",""
"https://www.cellobello.org/cello-blog/tag/string-groups/","60","Indexable",""
"https://www.cellobello.org/cello-blog/tag/rehearsing/","120","Indexable",""
"https://www.cellobello.org/cello-lessons/interpretation/master-class-chopin-cello-sonata-mvt-2/","133","Indexable",""
"https://www.cellobello.org/events/","72","Indexable",""
"https://www.cellobello.org/events/category/ensemblechat/","73","Indexable",""
"https://www.cellobello.org/cello-lessons/category/technique/page/4/","196","Indexable",""
"https://www.cellobello.org/cello-lessons/body-awareness/eliminate-or-work-with-pain/","138","Indexable",""
"https://www.cellobello.org/cello-lessons/body-awareness/engaging-back-muscles/","179","Indexable",""
"https://www.cellobello.org/cello-lessons/body-awareness/bridges-and-bows-may-cause-excess-physical-tension/","173","Indexable",""
"https://www.cellobello.org/cello-lessons/body-awareness/balancing-the-head/","134","Indexable",""
"https://www.cellobello.org/cello-lessons/body-awareness/healthy-sitting-position/","179","Indexable",""
"https://www.cellobello.org/cello-legacy/cellists/laura-blustein/","63","Indexable",""
"https://www.cellobello.org/cello-lessons/body-awareness/releasing-tension-a-teaching-priority/","171","Indexable",""
"https://www.cellobello.org/cello-lessons/practicing/alisa-weilerstein-interview-bow-grip-arm-weight/","137","Indexable",""
"https://www.cellobello.org/cello-lessons/body-awareness/robert-demaine-interview-integrating-bow-body-motion/","104","Indexable",""
"https://www.cellobello.org/cello-lessons/category/practicing/page/3/","144","Indexable",""
"https://www.cellobello.org/cello-lessons/mindset/expression-first-technique-second/","154","Indexable",""
"https://www.cellobello.org/cello-lessons/body-awareness/solving-left-hand-pain-part-2/","163","Indexable",""
"https://www.cellobello.org/cello-lessons/mindset/holistic-education-for-cello-students/","159","Indexable",""
"https://www.cellobello.org/cello-blog/tag/distraction/","79","Indexable",""
"https://www.cellobello.org/cello-blog/tag/expressive-intonation/","142","Indexable",""
"https://www.cellobello.org/cello-blog/tag/environment/","194","Indexable",""
"https://www.cellobello.org/cello-blog/tag/adjustments/","138","Indexable",""
"https://www.cellobello.org/cello-blog/tag/onion/","59","Indexable",""
"https://www.cellobello.org/cello-blog/tag/time/","93","Indexable",""
"https://www.cellobello.org/cello-blog/tag/scheduling/","86","Indexable",""
"https://www.cellobello.org/cello-blog/tag/working/","59","Indexable",""
"https://www.cellobello.org/cello-blog/tag/open-strings/","149","Indexable",""
"https://www.cellobello.org/cello-blog/tag/rosenberg/","59","Indexable",""
"https://www.cellobello.org/cello-blog/tag/intonation-exercises/","60","Indexable",""
"https://www.cellobello.org/cello-blog/tag/opportunities/","84","Indexable",""
"https://www.cellobello.org/cello-blog/tag/group-intonation/","60","Indexable",""
"https://www.cellobello.org/ensemble-lesson/great-quartets-start-and-end-together/","147","Indexable",""
"https://www.cellobello.org/cello-blog/tag/fuzzy-sound/","60","Indexable",""
"https://www.cellobello.org/cello-blog/tag/thomas/","59","Indexable",""
"https://www.cellobello.org/cello-blog/tag/transition/","97","Indexable",""
"https://www.cellobello.org/ensemble-lesson/projecting-the-cello-in-an-ensemble/","122","Indexable",""
