"Address","Occurrences","H1-1","H1-1 Length","H1-2","H1-2 Length","Indexability","Indexability Status"
"https://www.cellobello.org/","2","Learn from the Masters","22","27","2","Indexable",""
"https://www.cellobello.org/ensemble-lessons/category/interpretation/","2","The Art of Collaboration: Warming Up With Bach Chorales","55","Ravel Sonata for Violin and Cello, Allegro","42","Indexable",""
"https://www.cellobello.org/cello-lessons/category/history/","2","Beethoven: Cello Sonata No. 3 in A major, Op. 69","48","Orchestral Audition Insights","28","Indexable",""
"https://www.cellobello.org/ensemble-lessons/category/rehearsal-strategies/","2","The Art of Collaboration: Warming Up With Bach Chorales","55","Resolving Differences in Rehearsals","35","Indexable",""
"https://www.cellobello.org/cello-lessons/category/practicing/","2","Solving Left Hand Pain – Part 2","31","Solving Left Hand Pain – Part 1","31","Indexable",""
"https://www.cellobello.org/cello-lessons/category/technique/","2","Master Class: Rachmaninoff Cello Sonata in g minor, Mvt. 3","58","Solving Left Hand Pain – Part 2","31","Indexable",""
"https://www.cellobello.org/organizer/balourdet-quartet/","2","Balourdet Quartet","17","Upcoming Events","15","Indexable",""
"https://www.cellobello.org/support-us/","2","Your Support Matters","20","Make a Secure Donation","22","Indexable",""
"https://www.cellobello.org/cello-lessons/category/mindset/","2","Tips on a Warmup & Practice Routine","35","Marika Hughes’ Experience as an African American Cellist","56","Indexable",""
"https://www.cellobello.org/cello-lessons/category/body-awareness/","2","Solving Left Hand Pain – Part 2","31","Solving Left Hand Pain – Part 1","31","Indexable",""
"https://www.cellobello.org/cello-competitions/","2","Hattori Foundation Senior Awards 2025","37","22nd International Competition “Luigi Zanuccoli”","48","Indexable",""
"https://www.cellobello.org/cello-jobs/","2","The Purcell School: Head of Strings Department","46","Artis-Naples, Naples Philharmonic: Section Cello (one year)","59","Indexable",""
"https://www.cellobello.org/cello-blog/","2","How to Quiet Your Mind","22","How to Stay Motivated: The Power of Discipline and Consistency","62","Indexable",""
"https://www.cellobello.org/cello-lessons/category/interpretation/","2","Master Class: Rachmaninoff Cello Sonata in g minor, Mvt. 3","58","Master Class: Chopin Cello Sonata Mvt. 2","40","Indexable",""
"https://www.cellobello.org/ensemble-lessons/category/history/","2","Innovation and Evolution","24","Changing Landscapes for Emerging Quartets","41","Indexable",""
"https://www.cellobello.org/cello-blog/tag/reflections-on-beethoven/","2","Tag: Reflections on Beethoven","29","Reflections on the 17 Beethoven String Quartets: The Metronome Markings (Part 5 of 5)","85","Indexable",""
"https://www.cellobello.org/cello-blog/tag/challenge/","2","Tag: challenge","14","Meet the Boston Symphony Orchestra’s New Principal Cellist, Blaise Déjardin","75","Indexable",""
"https://www.cellobello.org/cello-blog/tag/humor/","2","Tag: humor","10","My First Lessons with Gregor Piatigorsky","40","Indexable",""
"https://www.cellobello.org/cello-blog/tag/performances/","2","Tag: performances","17","Remembering Hungarian Cello Master János Starker","48","Indexable",""
"https://www.cellobello.org/cello-blog/author/yeesun-kim/","2","Author: Yeesun Kim","18","New and Old","11","Indexable",""
"https://www.cellobello.org/cello-blog/tag/articulations/","2","Tag: articulations","18","Tak-Sîm (Pt. 2)","15","Indexable",""
"https://www.cellobello.org/cello-blog/tag/brandon/","2","Tag: Brandon","12","Self-Motivation and Summer Vacation","35","Indexable",""
"https://www.cellobello.org/cello-blog/author/thomas-rosenberg/","2","Author: Thomas Rosenberg","24","The Rep…More than Quartet","25","Indexable",""
"https://www.cellobello.org/cello-blog/tag/experiences/","2","Tag: experiences","16","The Bach Suites, A Deep Mirror","30","Indexable",""
"https://www.cellobello.org/cello-blog/tag/cellobello/","2","Tag: cellobello","15","Robert Rund Joins CelloBello as Executive Director","50","Indexable",""
"https://www.cellobello.org/cello-blog/tag/composition/","2","Tag: composition","16","The Britten Cello Suites (Part 4): An Interview with Colin Carr","63","Indexable",""
"https://www.cellobello.org/cello-blog/tag/thomas-rosenberg/","2","Tag: thomas rosenberg","21","The Rep…More than Quartet","25","Indexable",""
"https://www.cellobello.org/cello-blog/author/paul-katz/","2","Author: Paul Katz","17","Interview with Tiffany Poon, Founder of Together with Classical","63","Indexable",""
"https://www.cellobello.org/cello-blog/tag/context/","2","Tag: context","12","Cycles, Shostakovich, and the Final Four","40","Indexable",""
"https://www.cellobello.org/cello-blog/tag/paul-katz/","2","Tag: Paul Katz","14","Projecting the Cello in an Ensemble","35","Indexable",""
"https://www.cellobello.org/cello-blog/tag/yeesun/","2","Tag: Yeesun","11","CelloStream Artist Master Class Series 2013-2014","48","Indexable",""
"https://www.cellobello.org/cello-blog/tag/cellist/","2","Tag: cellist","12","Cello Esprit de Corps","21","Indexable",""
"https://www.cellobello.org/cello-blog/tag/beethovens-late-period/","2","Tag: Beethoven’s Late Period","28","Reflections on the 17 Beethoven String Quartets: The Late Period Quartets (Part 3 of 5)","87","Indexable",""
"https://www.cellobello.org/cello-blog/tag/composers/","2","Tag: composers","14","A Much Maligned Cellist: The True Story of Felix Salmond and the Elgar Cello Concerto (Part 4)","94","Indexable",""
"https://www.cellobello.org/cello-blog/tag/character/","2","Tag: character","14","A New Look at Sight-Reading (Part 3)","36","Indexable",""
"https://www.cellobello.org/cello-blog/author/brandonvamos/","2","Author: Brandon Vamos","21","Self-Motivation and Summer Vacation","35","Indexable",""
"https://www.cellobello.org/cello-blog/tag/music/","2","Tag: music","10","The Bach Suites, A Deep Mirror","30","Indexable",""
"https://www.cellobello.org/cello-blog/tag/familiar/","2","Tag: familiar","13","Holding On for Dear Life","24","Indexable",""
"https://www.cellobello.org/cello-blog/tag/rhythm/","2","Tag: Rhythm","11","Conversation with Irene Sharp (December, 1997)","46","Indexable",""
"https://www.cellobello.org/cello-blog/category/chamber_music/","2","Category: Chamber Music","23","Reflections on the 17 Beethoven String Quartets: The Metronome Markings (Part 5 of 5)","85","Indexable",""
"https://www.cellobello.org/cello-blog/tag/musicians/","2","Tag: musicians","14","Dave","4","Indexable",""
"https://www.cellobello.org/cello-blog/tag/interpretation/","2","Tag: Interpretation","19","Conversation with Gordon Epperson (1995)","40","Indexable",""
"https://www.cellobello.org/cello-blog/tag/challenges/","2","Tag: challenges","15","Enharmonically Equivalent: Greetings from Kingston!","51","Indexable",""
"https://www.cellobello.org/cello-blog/tag/kim/","2","Tag: Kim","8","CelloStream Artist Master Class Series 2013-2014","48","Indexable",""
"https://www.cellobello.org/cello-blog/tag/cleveland-quartet/","2","Tag: Cleveland Quartet","22","Keys and Harmony Create Mood and Character","42","Indexable",""
"https://www.cellobello.org/cello-blog/tag/ability/","2","Tag: ability","12","THINKING IN A NEW WAY—Overcoming Habits (Part 2 of 6): Finding our Source of Power","82","Indexable",""
"https://www.cellobello.org/cello-blog/tag/virtuosity/","2","Tag: virtuosity","15","Bach Suites and You","19","Indexable",""
"https://www.cellobello.org/cello-blog/tag/themes/","2","Tag: themes","11","Tour of Duty, Tour of Pleasure","30","Indexable",""
"https://www.cellobello.org/cello-blog/tag/confidence/","2","Tag: confidence","15","The Power of Affirmations: Unlocking the Key to Success","55","Indexable",""
"https://www.cellobello.org/cello-blog/tag/rehearsals/","2","Tag: rehearsals","15","Orchestra: A Love Story","23","Indexable",""
"https://www.cellobello.org/cello-blog/tag/cello/","2","Tag: cello","10","Cellos and Cellists Star IN the Movies","38","Indexable",""
"https://www.cellobello.org/cello-blog/tag/quartet/","2","Tag: Quartet","12","Teaching at Cello: An American Experience","41","Indexable",""
"https://www.cellobello.org/cello-blog/tag/melodies/","2","Tag: melodies","13","The Britten Cello Suites (Part 3): An Introduction to the Third Suite","69","Indexable",""
"https://www.cellobello.org/cello-blog/category/repertoire/","2","Category: Repertoire","20","From Improvising in Caves to Spoken in Waves","44","Indexable",""
"https://www.cellobello.org/cello-blog/tag/creativity/","2","Tag: creativity","15","In the Practice Room with Brant Taylor","38","Indexable",""
"https://www.cellobello.org/cello-blog/tag/string-quartet/","2","Tag: string quartet","19","Beethoven String Quartet No. 16 in F Major Op. 135","50","Indexable",""
"https://www.cellobello.org/cello-blog/tag/dynamics/","2","Tag: dynamics","13","100 Cello Warm-Ups and Exercises Blog 8: Open String Warm-Ups Part 2","68","Indexable",""
"https://www.cellobello.org/cello-blog/tag/concert-halls/","2","Tag: concert halls","18","Orchestra: A Love Story","23","Indexable",""
"https://www.cellobello.org/cello-blog/tag/touring/","2","Tag: Touring","12","Dave","4","Indexable",""
"https://www.cellobello.org/cello-blog/tag/perspective/","2","Tag: perspective","16","The Britten Cello Suites (Part 2): An Interview with Steven Doane","65","Indexable",""
"https://www.cellobello.org/cello-blog/tag/chamber-music/","2","Tag: chamber music","18","Tyshawn Sorey’s “Cycles of My Being”","36","Indexable",""
"https://www.cellobello.org/cello-blog/tag/beethovens-250th-birthday/","2","Tag: Beethoven’s 250th Birthday","31","Reflections on the 17 Beethoven String Quartets: The Metronome Markings (Part 5 of 5)","85","Indexable",""
"https://www.cellobello.org/cello-blog/tag/beethoven/","2","Tag: Beethoven","14","Beethoven String Quartet No. 13 in Bb Major, Op. 130, with Grosse Fuge Op. 133","78","Indexable",""
"https://www.cellobello.org/cello-blog/tag/soundscapes/","2","Tag: soundscapes","16","Tak-Sîm (Pt. 1)","15","Indexable",""
"https://www.cellobello.org/cello-blog/tag/shostakovich/","2","Tag: Shostakovich","17","Cello Concerto Overview: The Should Haves (Part II)","51","Indexable",""
"https://www.cellobello.org/cello-blog/tag/audiences/","2","Tag: audiences","14","When the Music Stops","20","Indexable",""
"https://www.cellobello.org/cello-blog/tag/unique/","2","Tag: unique","11","New and Old","11","Indexable",""
"https://www.cellobello.org/cello-blog/tag/understanding/","2","Tag: understanding","18","THINKING IN A NEW WAY—Overcoming Habits (Part 3 of 6): My Cello and Me, a Dynamic Partnership","93","Indexable",""
"https://www.cellobello.org/cello-blog/tag/beethoven-quartets/","2","Tag: Beethoven Quartets","23","Reflections on the 17 Beethoven String Quartets: The Metronome Markings (Part 5 of 5)","85","Indexable",""
"https://www.cellobello.org/cello-blog/tag/structure/","2","Tag: structure","14","Maintaining Structure and Purpose in Your Day During COVID","58","Indexable",""
"https://www.cellobello.org/cello-blog/tag/celloblog/","2","Tag: CelloBlog","14","We Would Love Your Feedback! CelloBlog Survey","45","Indexable",""
"https://www.cellobello.org/cello-lessons/category/history/page/3/","2","More on Sophie Feuermann, Emanuel’s Sister","42","Feuermann’s Early Life and Family","33","Indexable",""
"https://www.cellobello.org/cello-lessons/category/history/page/2/","2","Angel’s Serenade (Drigo)","24","Marika Hughes’ Experience as an African American Cellist","56","Indexable",""
"https://www.cellobello.org/cello-blog/tag/time-management/","2","Tag: time management","20","Working With the Infinite Onion","31","Indexable",""
"https://www.cellobello.org/cello-blog/tag/great-intonation/","2","Tag: great intonation","21","Working With the Infinite Onion","31","Indexable",""
"https://www.cellobello.org/cello-blog/author/aron-zelkowicz/","2","Author: Aron Zelkowicz","22","The Britten Cello Suites (Part 5): An Interview with Steven Isserlis","68","Indexable",""
"https://www.cellobello.org/cello-blog/tag/zelkowicz/","2","Tag: Zelkowicz","14","The Britten Cello Suites (Part 5): An Interview with Steven Isserlis","68","Indexable",""
"https://www.cellobello.org/cello-blog/tag/chamber-music-practice/","2","Tag: chamber music practice","27","A Chamber Music Concert is Worth a Thousand Words","49","Indexable",""
"https://www.cellobello.org/cello-blog/tag/good-instrument-tuning/","2","Tag: good instrument tuning","27","Working With the Infinite Onion","31","Indexable",""
"https://www.cellobello.org/cello-blog/tag/student-ensembles/","2","Tag: student ensembles","22","Working With the Infinite Onion","31","Indexable",""
"https://www.cellobello.org/cello-blog/tag/hand-position/","2","Tag: hand position","18","Working With the Infinite Onion","31","Indexable",""
"https://www.cellobello.org/cello-blog/tag/learn-to-practice/","2","Tag: learn to practice","22","What?….I have to listen too??","29","Indexable",""
"https://www.cellobello.org/cello-blog/tag/left-hand-position/","2","Tag: left hand position","23","Working With the Infinite Onion","31","Indexable",""
"https://www.cellobello.org/cello-blog/tag/tuning/","2","Tag: tuning","11","Working With the Infinite Onion","31","Indexable",""
"https://www.cellobello.org/cello-blog/tag/details/","2","Tag: details","12","Exploring Beethoven 5th, Variation One","38","Indexable",""
"https://www.cellobello.org/cello-blog/tag/string-groups/","2","Tag: string groups","18","Working With the Infinite Onion","31","Indexable",""
"https://www.cellobello.org/cello-blog/tag/rehearsing/","2","Tag: rehearsing","15","What?….I have to listen too??","29","Indexable",""
"https://www.cellobello.org/events/category/ensemblechat/","2","EnsembleChat","12","Upcoming Events","15","Indexable",""
"https://www.cellobello.org/cello-lessons/category/technique/page/3/","2","Maintaining Vibrato","19","Shifting: Hand Alignment","24","Indexable",""
"https://www.cellobello.org/cello-lessons/category/technique/page/4/","2","Ricochet Bow Stroke","19","Right Arm Power","15","Indexable",""
"https://www.cellobello.org/cello-lessons/category/technique/page/2/","2","Alisa Weilerstein: Psychology of Sound Projection","49","Eliminate Left Hand Tension (Part 2)","36","Indexable",""
"https://www.cellobello.org/cello-lessons/category/practicing/page/2/","2","Tchaikovsky Rococo: Theme (Bow)","31","Marcy Rosen: Left Hand Position & Vibrato","41","Indexable",""
"https://www.cellobello.org/cello-lessons/category/practicing/page/3/","2","Shifting: Watch the Speed Limit","31","Ricochet Bow Stroke","19","Indexable",""
"https://www.cellobello.org/cello-blog/tag/intonation/","2","Tag: intonation","15","Conversation with Nathaniel Rosen (March, 1996)","47","Indexable",""
"https://www.cellobello.org/cello-blog/tag/patience/","2","Tag: patience","13","Presence on Stage (Part 4 – Presence)","37","Indexable",""
"https://www.cellobello.org/cello-blog/tag/distraction/","2","Tag: Distraction","16","Behind the Scenes of a Music Festival (Part 3): The Rehearsal Mine Field","72","Indexable",""
"https://www.cellobello.org/cello-blog/tag/expressive-intonation/","2","Tag: expressive intonation","26","Conversation with Nathaniel Rosen (March, 1996)","47","Indexable",""
"https://www.cellobello.org/cello-blog/tag/environment/","2","Tag: environment","16","Keeping Healthy On The Road (or in Your Dorm, Home or Apartment)","64","Indexable",""
"https://www.cellobello.org/cello-blog/tag/adjustments/","2","Tag: Adjustments","16","Working With the Infinite Onion","31","Indexable",""
"https://www.cellobello.org/cello-blog/tag/onion/","2","Tag: onion","10","Working With the Infinite Onion","31","Indexable",""
"https://www.cellobello.org/cello-blog/tag/time/","2","Tag: Time","9","Behind the Scenes of a Music Festival (Part 3): The Rehearsal Mine Field","72","Indexable",""
"https://www.cellobello.org/cello-blog/tag/recordings/","2","Tag: recordings","15","Conversation with Zuill Bailey (March, 2002)","44","Indexable",""
"https://www.cellobello.org/cello-blog/tag/scheduling/","2","Tag: scheduling","15","Behind the Scenes of a Music Festival (Part 3): The Rehearsal Mine Field","72","Indexable",""
"https://www.cellobello.org/cello-blog/tag/working/","2","Tag: working","12","Working With the Infinite Onion","31","Indexable",""
"https://www.cellobello.org/cello-blog/tag/concentration/","2","Tag: concentration","18","How to Quiet Your Mind","22","Indexable",""
"https://www.cellobello.org/cello-blog/tag/open-strings/","2","Tag: open strings","17","Quartet Intonation (Part 2): Melody and Harmony Demand Different Solutions","74","Indexable",""
"https://www.cellobello.org/cello-blog/tag/listening/","2","Tag: Listening","14","How Music Can Help With Difficult Tasks","39","Indexable",""
"https://www.cellobello.org/cello-blog/tag/rosenberg/","2","Tag: Rosenberg","14","Working With the Infinite Onion","31","Indexable",""
"https://www.cellobello.org/cello-blog/tag/aron/","2","Tag: Aron","9","The Britten Cello Suites (Part 5): An Interview with Steven Isserlis","68","Indexable",""
"https://www.cellobello.org/cello-blog/tag/intonation-exercises/","2","Tag: intonation exercises","25","Working With the Infinite Onion","31","Indexable",""
"https://www.cellobello.org/cello-blog/tag/success/","2","Tag: success","12","How to Stay Motivated: The Power of Discipline and Consistency","62","Indexable",""
"https://www.cellobello.org/cello-blog/tag/opportunities/","2","Tag: opportunities","18","What You Did This Summer","24","Indexable",""
"https://www.cellobello.org/cello-blog/tag/balance/","2","Tag: balance","12","Key Strategies to Build Your Resilience and Conquer Any Challenge","65","Indexable",""
"https://www.cellobello.org/cello-blog/tag/colleagues/","2","Tag: colleagues","15","A Celebration of Janos Starker in Memories & Music: Toronto, July 27-28","71","Indexable",""
"https://www.cellobello.org/cello-blog/category/practicing/","2","Category: Practicing","20","How to Quiet Your Mind","22","Indexable",""
"https://www.cellobello.org/cello-blog/tag/editions/","2","Tag: Editions","13","A Survey of Bach Suite Editions (1995)","38","Indexable",""
"https://www.cellobello.org/cello-blog/tag/group-intonation/","2","Tag: group intonation","21","Working With the Infinite Onion","31","Indexable",""
"https://www.cellobello.org/cello-blog/tag/fuzzy-sound/","2","Tag: fuzzy sound","16","Working With the Infinite Onion","31","Indexable",""
"https://www.cellobello.org/cello-blog/tag/articulation/","2","Tag: articulation","17","Conversation with János Starker (February, 2004)","48","Indexable",""
"https://www.cellobello.org/cello-blog/tag/thomas/","2","Tag: Thomas","11","Working With the Infinite Onion","31","Indexable",""
"https://www.cellobello.org/cello-blog/tag/transition/","2","Tag: transition","15","Teaching at Cello: An American Experience","41","Indexable",""
