"Address","Occurrences","H2-1","H2-1 Length","Indexability","Indexability Status"
"https://www.cellobello.org/ensemble-lessons/category/interpretation/","0","","0","Indexable",""
"https://www.cellobello.org/cello-lessons/category/history/","0","","0","Indexable",""
"https://www.cellobello.org/about/","0","","0","Indexable",""
"https://www.cellobello.org/ensemble-lessons/category/rehearsal-strategies/","0","","0","Indexable",""
"https://www.cellobello.org/cello-lessons/category/practicing/","0","","0","Indexable",""
"https://www.cellobello.org/cello-lessons/category/technique/","0","","0","Indexable",""
"https://www.cellobello.org/organizer/balourdet-quartet/","0","","0","Indexable",""
"https://www.cellobello.org/contact/","0","","0","Indexable",""
"https://www.cellobello.org/cello-lessons/category/mindset/","0","","0","Indexable",""
"https://www.cellobello.org/privacy-policy/","0","","0","Indexable",""
"https://www.cellobello.org/terms-of-use/","0","","0","Indexable",""
"https://www.cellobello.org/cello-lessons/category/body-awareness/","0","","0","Indexable",""
"https://www.cellobello.org/cello-competitions/","0","","0","Indexable",""
"https://www.cellobello.org/cello-jobs/","0","","0","Indexable",""
"https://www.cellobello.org/cello-blog/","0","","0","Indexable",""
"https://www.cellobello.org/cello-workshops/","0","","0","Indexable",""
"https://www.cellobello.org/cello-lessons/category/interpretation/","0","","0","Indexable",""
"https://www.cellobello.org/ensemble-lessons/category/history/","0","","0","Indexable",""
"https://www.cellobello.org/cello-blog/tag/reflections-on-beethoven/","0","","0","Indexable",""
"https://www.cellobello.org/cello-blog/tag/challenge/","0","","0","Indexable",""
"https://www.cellobello.org/cello-blog/tag/humor/","0","","0","Indexable",""
"https://www.cellobello.org/cello-blog/tag/performances/","0","","0","Indexable",""
"https://www.cellobello.org/cello-blog/author/yeesun-kim/","0","","0","Indexable",""
"https://www.cellobello.org/cello-blog/tag/articulations/","0","","0","Indexable",""
"https://www.cellobello.org/cello-blog/tag/brandon/","0","","0","Indexable",""
"https://www.cellobello.org/cello-blog/author/thomas-rosenberg/","0","","0","Indexable",""
"https://www.cellobello.org/cello-blog/tag/experiences/","0","","0","Indexable",""
"https://www.cellobello.org/cello-blog/tag/cellobello/","0","","0","Indexable",""
"https://www.cellobello.org/cello-blog/tag/composition/","0","","0","Indexable",""
"https://www.cellobello.org/cello-blog/tag/thomas-rosenberg/","0","","0","Indexable",""
"https://www.cellobello.org/cello-blog/author/paul-katz/","0","","0","Indexable",""
"https://www.cellobello.org/cello-blog/tag/context/","0","","0","Indexable",""
"https://www.cellobello.org/cello-blog/tag/paul-katz/","0","","0","Indexable",""
"https://www.cellobello.org/cello-blog/tag/yeesun/","0","","0","Indexable",""
"https://www.cellobello.org/cello-blog/tag/cellist/","0","","0","Indexable",""
"https://www.cellobello.org/cello-blog/tag/beethovens-late-period/","0","","0","Indexable",""
"https://www.cellobello.org/cello-blog/tag/composers/","0","","0","Indexable",""
"https://www.cellobello.org/cello-blog/tag/character/","0","","0","Indexable",""
"https://www.cellobello.org/cello-blog/author/brandonvamos/","0","","0","Indexable",""
"https://www.cellobello.org/cello-blog/tag/music/","0","","0","Indexable",""
"https://www.cellobello.org/cello-blog/tag/familiar/","0","","0","Indexable",""
"https://www.cellobello.org/cello-blog/tag/rhythm/","0","","0","Indexable",""
"https://www.cellobello.org/cello-blog/category/chamber_music/","0","","0","Indexable",""
"https://www.cellobello.org/cello-blog/tag/musicians/","0","","0","Indexable",""
"https://www.cellobello.org/cello-blog/tag/interpretation/","0","","0","Indexable",""
"https://www.cellobello.org/cello-blog/tag/challenges/","0","","0","Indexable",""
"https://www.cellobello.org/cello-blog/tag/kim/","0","","0","Indexable",""
"https://www.cellobello.org/cello-blog/tag/cleveland-quartet/","0","","0","Indexable",""
"https://www.cellobello.org/cello-blog/tag/ability/","0","","0","Indexable",""
"https://www.cellobello.org/cello-blog/tag/virtuosity/","0","","0","Indexable",""
"https://www.cellobello.org/cello-blog/tag/themes/","0","","0","Indexable",""
"https://www.cellobello.org/cello-blog/tag/confidence/","0","","0","Indexable",""
"https://www.cellobello.org/cello-blog/tag/rehearsals/","0","","0","Indexable",""
"https://www.cellobello.org/cello-blog/tag/cello/","0","","0","Indexable",""
"https://www.cellobello.org/cello-blog/tag/quartet/","0","","0","Indexable",""
"https://www.cellobello.org/cello-blog/tag/melodies/","0","","0","Indexable",""
"https://www.cellobello.org/cello-blog/category/repertoire/","0","","0","Indexable",""
"https://www.cellobello.org/cello-blog/tag/creativity/","0","","0","Indexable",""
"https://www.cellobello.org/cello-blog/tag/string-quartet/","0","","0","Indexable",""
"https://www.cellobello.org/cello-blog/tag/dynamics/","0","","0","Indexable",""
"https://www.cellobello.org/cello-blog/tag/concert-halls/","0","","0","Indexable",""
"https://www.cellobello.org/cello-blog/tag/touring/","0","","0","Indexable",""
"https://www.cellobello.org/cello-blog/tag/perspective/","0","","0","Indexable",""
"https://www.cellobello.org/cello-blog/tag/chamber-music/","0","","0","Indexable",""
"https://www.cellobello.org/cello-blog/tag/beethovens-250th-birthday/","0","","0","Indexable",""
"https://www.cellobello.org/cello-blog/tag/beethoven/","0","","0","Indexable",""
"https://www.cellobello.org/cello-blog/tag/soundscapes/","0","","0","Indexable",""
"https://www.cellobello.org/cello-blog/tag/shostakovich/","0","","0","Indexable",""
"https://www.cellobello.org/cello-blog/tag/audiences/","0","","0","Indexable",""
"https://www.cellobello.org/cello-blog/tag/unique/","0","","0","Indexable",""
"https://www.cellobello.org/cello-blog/tag/understanding/","0","","0","Indexable",""
"https://www.cellobello.org/cello-blog/tag/beethoven-quartets/","0","","0","Indexable",""
"https://www.cellobello.org/cello-blog/tag/structure/","0","","0","Indexable",""
"https://www.cellobello.org/cello-blog/tag/celloblog/","0","","0","Indexable",""
"https://www.cellobello.org/cello-lessons/category/history/page/3/","0","","0","Indexable",""
"https://www.cellobello.org/cello-lessons/category/history/page/6/","0","","0","Indexable",""
"https://www.cellobello.org/cello-lessons/category/history/page/2/","0","","0","Indexable",""
"https://www.cellobello.org/cello-blog/tag/time-management/","0","","0","Indexable",""
"https://www.cellobello.org/cello-blog/tag/great-intonation/","0","","0","Indexable",""
"https://www.cellobello.org/cello-blog/author/aron-zelkowicz/","0","","0","Indexable",""
"https://www.cellobello.org/cello-blog/tag/zelkowicz/","0","","0","Indexable",""
"https://www.cellobello.org/cello-blog/tag/chamber-music-practice/","0","","0","Indexable",""
"https://www.cellobello.org/cello-blog/tag/good-instrument-tuning/","0","","0","Indexable",""
"https://www.cellobello.org/cello-blog/tag/student-ensembles/","0","","0","Indexable",""
"https://www.cellobello.org/cello-blog/tag/hand-position/","0","","0","Indexable",""
"https://www.cellobello.org/cello-blog/tag/learn-to-practice/","0","","0","Indexable",""
"https://www.cellobello.org/cello-blog/tag/left-hand-position/","0","","0","Indexable",""
"https://www.cellobello.org/cello-blog/tag/tuning/","0","","0","Indexable",""
"https://www.cellobello.org/cello-blog/tag/details/","0","","0","Indexable",""
"https://www.cellobello.org/cello-blog/tag/string-groups/","0","","0","Indexable",""
"https://www.cellobello.org/cello-blog/tag/rehearsing/","0","","0","Indexable",""
"https://www.cellobello.org/events/","0","","0","Indexable",""
"https://www.cellobello.org/events/category/ensemblechat/","0","","0","Indexable",""
"https://www.cellobello.org/cello-lessons/category/technique/page/3/","0","","0","Indexable",""
"https://www.cellobello.org/cello-lessons/category/technique/page/4/","0","","0","Indexable",""
"https://www.cellobello.org/cello-lessons/category/technique/page/2/","0","","0","Indexable",""
"https://www.cellobello.org/cello-lessons/category/practicing/page/2/","0","","0","Indexable",""
"https://www.cellobello.org/cello-lessons/category/practicing/page/3/","0","","0","Indexable",""
"https://www.cellobello.org/cello-blog/tag/intonation/","0","","0","Indexable",""
"https://www.cellobello.org/cello-blog/tag/patience/","0","","0","Indexable",""
"https://www.cellobello.org/cello-blog/tag/distraction/","0","","0","Indexable",""
"https://www.cellobello.org/cello-blog/tag/expressive-intonation/","0","","0","Indexable",""
"https://www.cellobello.org/cello-blog/tag/environment/","0","","0","Indexable",""
"https://www.cellobello.org/cello-blog/tag/adjustments/","0","","0","Indexable",""
"https://www.cellobello.org/cello-blog/tag/onion/","0","","0","Indexable",""
"https://www.cellobello.org/cello-blog/tag/time/","0","","0","Indexable",""
"https://www.cellobello.org/cello-blog/tag/recordings/","0","","0","Indexable",""
"https://www.cellobello.org/cello-blog/tag/scheduling/","0","","0","Indexable",""
"https://www.cellobello.org/cello-blog/tag/working/","0","","0","Indexable",""
"https://www.cellobello.org/cello-blog/tag/concentration/","0","","0","Indexable",""
"https://www.cellobello.org/cello-blog/tag/open-strings/","0","","0","Indexable",""
"https://www.cellobello.org/cello-blog/tag/listening/","0","","0","Indexable",""
"https://www.cellobello.org/cello-blog/tag/rosenberg/","0","","0","Indexable",""
"https://www.cellobello.org/cello-blog/tag/aron/","0","","0","Indexable",""
"https://www.cellobello.org/cello-blog/tag/intonation-exercises/","0","","0","Indexable",""
"https://www.cellobello.org/cello-blog/tag/success/","0","","0","Indexable",""
"https://www.cellobello.org/cello-blog/tag/opportunities/","0","","0","Indexable",""
"https://www.cellobello.org/cello-blog/tag/balance/","0","","0","Indexable",""
"https://www.cellobello.org/cello-blog/tag/colleagues/","0","","0","Indexable",""
"https://www.cellobello.org/cello-blog/category/practicing/","0","","0","Indexable",""
"https://www.cellobello.org/cello-blog/tag/editions/","0","","0","Indexable",""
"https://www.cellobello.org/cello-blog/tag/group-intonation/","0","","0","Indexable",""
"https://www.cellobello.org/cello-blog/tag/fuzzy-sound/","0","","0","Indexable",""
"https://www.cellobello.org/cello-blog/tag/articulation/","0","","0","Indexable",""
"https://www.cellobello.org/cello-blog/tag/thomas/","0","","0","Indexable",""
"https://www.cellobello.org/cello-blog/tag/transition/","0","","0","Indexable",""
