"Address","Occurrences","Meta Description 1","Meta Description 1 Length","Meta Description 1 Pixel Width","Indexability","Indexability Status"
"https://www.cellobello.org/cello-books/","0","","0","0","Indexable",""
"https://www.cellobello.org/ensemble-lessons/category/interpretation/","0","","0","0","Indexable",""
"https://www.cellobello.org/cello-lessons/category/history/","0","","0","0","Indexable",""
"https://www.cellobello.org/cello-job/orchestra/tampere-philharmonic-orchestra-principal-and-assistant-principal-cello/","0","","0","0","Indexable",""
"https://www.cellobello.org/about/","0","","0","0","Indexable",""
"https://www.cellobello.org/ensemble-lessons/category/rehearsal-strategies/","0","","0","0","Indexable",""
"https://www.cellobello.org/cello-job/education/the-purcell-school-head-of-strings-department/","0","","0","0","Indexable",""
"https://www.cellobello.org/cello-lessons/category/practicing/","0","","0","0","Indexable",""
"https://www.cellobello.org/repertoire/","0","","0","0","Indexable",""
"https://www.cellobello.org/cello-lessons/category/technique/","0","","0","0","Indexable",""
"https://www.cellobello.org/organizer/balourdet-quartet/","0","","0","0","Indexable",""
"https://www.cellobello.org/cello-job/orchestra/artis-naples-naples-philharmonic-section-cello-one-year/","0","","0","0","Indexable",""
"https://www.cellobello.org/cello-lessons/history/bach-suite-no-1-in-g-major-bwv-1007/","0","","0","0","Indexable",""
"https://www.cellobello.org/cello-lessons/category/mindset/","0","","0","0","Indexable",""
"https://www.cellobello.org/privacy-policy/","0","","0","0","Indexable",""
"https://www.cellobello.org/terms-of-use/","0","","0","0","Indexable",""
"https://www.cellobello.org/cello-lessons/mindset/alisa-weilerstein-interview-psychology-sound-projection/","0","","0","0","Indexable",""
"https://www.cellobello.org/cello-lessons/category/body-awareness/","0","","0","0","Indexable",""
"https://www.cellobello.org/cello-lessons/body-awareness/bow-hold-principles-part-1/","0","","0","0","Indexable",""
"https://www.cellobello.org/cello-job/orchestra/opera-de-marseille-4eme-violoncelle-solo/","0","","0","0","Indexable",""
"https://www.cellobello.org/ensemble-lesson/the-art-of-collaboration-warming-up-with-bach-chorales/","0","","0","0","Indexable",""
"https://www.cellobello.org/cello-workshops/","0","","0","0","Indexable",""
"https://www.cellobello.org/ensemble-main/","0","","0","0","Indexable",""
"https://www.cellobello.org/cello-lessons/category/interpretation/","0","","0","0","Indexable",""
"https://www.cellobello.org/ensemble-lessons/category/history/","0","","0","0","Indexable",""
"https://www.cellobello.org/event/consider-cellobello-during-national-estate-planning-awareness-week-nepaw/","0","","0","0","Indexable",""
"https://www.cellobello.org/cello-lessons/history/saint-saens-the-swan-from-carnival-of-the-animals/","0","","0","0","Indexable",""
"https://www.cellobello.org/cello-lessons/body-awareness/sound-production-principles/","0","","0","0","Indexable",""
"https://www.cellobello.org/cello-lessons/practicing/vibrato-wide-or-narrow/","0","","0","0","Indexable",""
"https://www.cellobello.org/cello-lessons/body-awareness/uniting-the-hands/","0","","0","0","Indexable",""
"https://www.cellobello.org/cello-lessons/interpretation/artistry-in-sound/","0","","0","0","Indexable",""
"https://www.cellobello.org/cello-lessons/technique/continuous-vibrato/","0","","0","0","Indexable",""
"https://www.cellobello.org/cello-lessons/history/tchaikovsky-valse-sentimentale-from-six-pieces-op-51/","0","","0","0","Indexable",""
"https://www.cellobello.org/cello-lessons/history/bach-suite-no-3-in-c-major-bwv-1009-bourree-i-ii/","0","","0","0","Indexable",""
"https://www.cellobello.org/ensemble/borromeo-string-quartet/","0","","0","0","Indexable",""
"https://www.cellobello.org/cello-blog/tag/reflections-on-beethoven/","0","","0","0","Indexable",""
"https://www.cellobello.org/cello-blog/tag/challenge/","0","","0","0","Indexable",""
"https://www.cellobello.org/cello-blog/tag/humor/","0","","0","0","Indexable",""
"https://www.cellobello.org/cello-blog/tag/performances/","0","","0","0","Indexable",""
"https://www.cellobello.org/cello-blog/author/yeesun-kim/","0","","0","0","Indexable",""
"https://www.cellobello.org/cello-blog/tag/articulations/","0","","0","0","Indexable",""
"https://www.cellobello.org/cello-blog/tag/brandon/","0","","0","0","Indexable",""
"https://www.cellobello.org/cello-blog/author/thomas-rosenberg/","0","","0","0","Indexable",""
"https://www.cellobello.org/ensemble/cavani-string-quartet/","0","","0","0","Indexable",""
"https://www.cellobello.org/cello-blog/tag/experiences/","0","","0","0","Indexable",""
"https://www.cellobello.org/cello-blog/tag/cellobello/","0","","0","0","Indexable",""
"https://www.cellobello.org/ensemble-lesson/beethoven-string-quartet-no-13-in-bb-major-op-130-with-grosse-fuge-op-133/","0","","0","0","Indexable",""
"https://www.cellobello.org/cello-blog/chamber_music/new-and-old/","0","","0","0","Indexable",""
"https://www.cellobello.org/cello-blog/tag/composition/","0","","0","0","Indexable",""
"https://www.cellobello.org/cello-blog/chamber_music/cycles-shostakovich-and-the-final-four/","0","","0","0","Indexable",""
"https://www.cellobello.org/cello-blog/tag/thomas-rosenberg/","0","","0","0","Indexable",""
"https://www.cellobello.org/cello-blog/author/paul-katz/","0","","0","0","Indexable",""
"https://www.cellobello.org/cello-blog/tag/context/","0","","0","0","Indexable",""
"https://www.cellobello.org/ensemble-lesson/beethoven-string-quartet-no-15-in-a-minor-op-132/","0","","0","0","Indexable",""
"https://www.cellobello.org/cello-blog/tag/paul-katz/","0","","0","0","Indexable",""
"https://www.cellobello.org/cello-blog/tag/yeesun/","0","","0","0","Indexable",""
"https://www.cellobello.org/ensemble/cleveland-quartet/","0","","0","0","Indexable",""
"https://www.cellobello.org/cello-blog/chamber_music/reflections-on-the-17-beethoven-string-quartets-part-3-of-5/","0","","0","0","Indexable",""
"https://www.cellobello.org/cello-blog/chamber_music/being-the-music/","0","","0","0","Indexable",""
"https://www.cellobello.org/ensemble-lesson/ravel-sonata-for-violin-and-cello-allegro/","0","","0","0","Indexable",""
"https://www.cellobello.org/cello-blog/tag/cellist/","0","","0","0","Indexable",""
"https://www.cellobello.org/cello-blog/tag/beethovens-late-period/","0","","0","0","Indexable",""
"https://www.cellobello.org/cello-blog/tag/composers/","0","","0","0","Indexable",""
"https://www.cellobello.org/ensemble-lesson/beethoven-string-quartet-no-14-in-c-minor-op-131/","0","","0","0","Indexable",""
"https://www.cellobello.org/cello-blog/tag/character/","0","","0","0","Indexable",""
"https://www.cellobello.org/cello-blog/author/brandonvamos/","0","","0","0","Indexable",""
"https://www.cellobello.org/cello-blog/tag/music/","0","","0","0","Indexable",""
"https://www.cellobello.org/cello-blog/tag/familiar/","0","","0","0","Indexable",""
"https://www.cellobello.org/cello-blog/tag/rhythm/","0","","0","0","Indexable",""
"https://www.cellobello.org/cello-blog/category/chamber_music/","0","","0","0","Indexable",""
"https://www.cellobello.org/cello-blog/tag/musicians/","0","","0","0","Indexable",""
"https://www.cellobello.org/cello-blog/tag/interpretation/","0","","0","0","Indexable",""
"https://www.cellobello.org/cello-blog/tag/challenges/","0","","0","0","Indexable",""
"https://www.cellobello.org/cello-blog/tag/kim/","0","","0","0","Indexable",""
"https://www.cellobello.org/cello-blog/tag/cleveland-quartet/","0","","0","0","Indexable",""
"https://www.cellobello.org/cello-blog/tag/ability/","0","","0","0","Indexable",""
"https://www.cellobello.org/ensemble/pacifica-quartet/","0","","0","0","Indexable",""
"https://www.cellobello.org/cello-blog/tag/virtuosity/","0","","0","0","Indexable",""
"https://www.cellobello.org/ensemble-lesson/keys-and-harmony-create-mood-and-character/","0","","0","0","Indexable",""
"https://www.cellobello.org/ensemble/balourdet-quartet/","0","","0","0","Indexable",""
"https://www.cellobello.org/cello-blog/tag/themes/","0","","0","0","Indexable",""
"https://www.cellobello.org/cello-blog/tag/confidence/","0","","0","0","Indexable",""
"https://www.cellobello.org/cello-blog/tag/rehearsals/","0","","0","0","Indexable",""
"https://www.cellobello.org/cello-blog/tag/cello/","0","","0","0","Indexable",""
"https://www.cellobello.org/cello-blog/tag/quartet/","0","","0","0","Indexable",""
"https://www.cellobello.org/cello-blog/tag/melodies/","0","","0","0","Indexable",""
"https://www.cellobello.org/cello-blog/category/repertoire/","0","","0","0","Indexable",""
"https://www.cellobello.org/cello-blog/tag/creativity/","0","","0","0","Indexable",""
"https://www.cellobello.org/cello-blog/tag/string-quartet/","0","","0","0","Indexable",""
"https://www.cellobello.org/cello-blog/tag/dynamics/","0","","0","0","Indexable",""
"https://www.cellobello.org/cello-blog/tag/concert-halls/","0","","0","0","Indexable",""
"https://www.cellobello.org/cello-blog/tag/touring/","0","","0","0","Indexable",""
"https://www.cellobello.org/cello-blog/tag/perspective/","0","","0","0","Indexable",""
"https://www.cellobello.org/cello-blog/tag/chamber-music/","0","","0","0","Indexable",""
"https://www.cellobello.org/cello-blog/tag/beethovens-250th-birthday/","0","","0","0","Indexable",""
"https://www.cellobello.org/ensemble-lesson/beethoven-string-quartet-no-12-in-eb-major-op-127/","0","","0","0","Indexable",""
"https://www.cellobello.org/cello-blog/tag/beethoven/","0","","0","0","Indexable",""
"https://www.cellobello.org/cello-blog/tag/soundscapes/","0","","0","0","Indexable",""
"https://www.cellobello.org/cello-blog/tag/shostakovich/","0","","0","0","Indexable",""
"https://www.cellobello.org/cello-blog/tag/audiences/","0","","0","0","Indexable",""
"https://www.cellobello.org/cello-blog/chamber_music/reflections-on-the-17-beethoven-string-quartets-part-4-of-5/","0","","0","0","Indexable",""
"https://www.cellobello.org/cello-blog/tag/unique/","0","","0","0","Indexable",""
"https://www.cellobello.org/ensemble/parker-quartet/","0","","0","0","Indexable",""
"https://www.cellobello.org/cello-blog/tag/understanding/","0","","0","0","Indexable",""
"https://www.cellobello.org/cello-blog/tag/beethoven-quartets/","0","","0","0","Indexable",""
"https://www.cellobello.org/cello-blog/tag/structure/","0","","0","0","Indexable",""
"https://www.cellobello.org/ensemble-lesson/beethoven-string-quartet-no-16-in-f-major-op-135/","0","","0","0","Indexable",""
"https://www.cellobello.org/cello-blog/tag/celloblog/","0","","0","0","Indexable",""
"https://www.cellobello.org/cello-legacy/cellists/paul-katz/","0","","0","0","Indexable",""
"https://www.cellobello.org/cello-legacy/cellists/emanuel-feuermann/","0","","0","0","Indexable",""
"https://www.cellobello.org/cello-lessons/history/brant-taylor-starkers-cello-bridge-and-teaching/","0","","0","0","Indexable",""
"https://www.cellobello.org/cello-lessons/history/pablo-pau-casals-interview-and-performance-1955/","0","","0","0","Indexable",""
"https://www.cellobello.org/cello-legacy/cellists/carter-brey/","0","","0","0","Indexable",""
"https://www.cellobello.org/cello-lessons/history/beethoven-cello-sonata-no-3-in-a-major-op-69/","0","","0","0","Indexable",""
"https://www.cellobello.org/cello-lessons/history/pablo-pau-casals-master-class-dvorak-cello-concerto-part-2-of-3/","0","","0","0","Indexable",""
"https://www.cellobello.org/cello-legacy/cellists/janos-starker/","0","","0","0","Indexable",""
"https://www.cellobello.org/cello-lessons/history/master-class-dvorak-cello-concerto-in-b-minor-op-104-mvt-1/","0","","0","0","Indexable",""
"https://www.cellobello.org/cello-lessons/category/history/page/3/","0","","0","0","Indexable",""
"https://www.cellobello.org/cello-lessons/history/pablo-pau-casals-master-class-dvorak-cello-concerto-part-3-of-3/","0","","0","0","Indexable",""
"https://www.cellobello.org/cello-legacy/cellists/brant-taylor/","0","","0","0","Indexable",""
"https://www.cellobello.org/cello-lessons/history/the-cause-of-feuermann-s-sudden-death/","0","","0","0","Indexable",""
"https://www.cellobello.org/cello-lessons/history/the-feuermanns-come-to-the-united-states/","0","","0","0","Indexable",""
"https://www.cellobello.org/cello-lessons/history/marika-hughes-improvisation-and-dissonance/","0","","0","0","Indexable",""
"https://www.cellobello.org/cello-lessons/history/feuermann-artistry-of-the-bow/","0","","0","0","Indexable",""
"https://www.cellobello.org/cello-legacy/cellists/leonard-rose/","0","","0","0","Indexable",""
"https://www.cellobello.org/cello-legacy/cellists/marika-hughes/","0","","0","0","Indexable",""
"https://www.cellobello.org/cello-lessons/history/would-feuermann-have-played-jazz/","0","","0","0","Indexable",""
"https://www.cellobello.org/cello-lessons/category/history/page/6/","0","","0","0","Indexable",""
"https://www.cellobello.org/cello-legacy/cellists/pablo-pau-casals/","0","","0","0","Indexable",""
"https://www.cellobello.org/cello-lessons/category/history/page/2/","0","","0","0","Indexable",""
"https://www.cellobello.org/cello-blog/tag/time-management/","0","","0","0","Indexable",""
"https://www.cellobello.org/cello-blog/tag/great-intonation/","0","","0","0","Indexable",""
"https://www.cellobello.org/cello-blog/author/aron-zelkowicz/","0","","0","0","Indexable",""
"https://www.cellobello.org/cello-blog/tag/zelkowicz/","0","","0","0","Indexable",""
"https://www.cellobello.org/cello-blog/tag/chamber-music-practice/","0","","0","0","Indexable",""
"https://www.cellobello.org/cello-blog/tag/good-instrument-tuning/","0","","0","0","Indexable",""
"https://www.cellobello.org/cello-blog/tag/student-ensembles/","0","","0","0","Indexable",""
"https://www.cellobello.org/ensemble-lesson/resolving-differences-in-rehearsals/","0","","0","0","Indexable",""
"https://www.cellobello.org/cello-blog/tag/hand-position/","0","","0","0","Indexable",""
"https://www.cellobello.org/cello-blog/tag/learn-to-practice/","0","","0","0","Indexable",""
"https://www.cellobello.org/cello-blog/tag/left-hand-position/","0","","0","0","Indexable",""
"https://www.cellobello.org/cello-blog/tag/tuning/","0","","0","0","Indexable",""
"https://www.cellobello.org/cello-blog/tag/details/","0","","0","0","Indexable",""
"https://www.cellobello.org/cello-blog/tag/string-groups/","0","","0","0","Indexable",""
"https://www.cellobello.org/cello-blog/tag/rehearsing/","0","","0","0","Indexable",""
"https://www.cellobello.org/events/","0","","0","0","Indexable",""
"https://www.cellobello.org/events/category/ensemblechat/","0","","0","0","Indexable",""
"https://www.cellobello.org/cello-lessons/category/technique/page/3/","0","","0","0","Indexable",""
"https://www.cellobello.org/cello-lessons/category/technique/page/4/","0","","0","0","Indexable",""
"https://www.cellobello.org/cello-lessons/category/technique/page/2/","0","","0","0","Indexable",""
"https://www.cellobello.org/cello-lessons/body-awareness/eliminate-or-work-with-pain/","0","","0","0","Indexable",""
"https://www.cellobello.org/cello-lessons/body-awareness/engaging-back-muscles/","0","","0","0","Indexable",""
"https://www.cellobello.org/cello-lessons/body-awareness/balancing-the-head/","0","","0","0","Indexable",""
"https://www.cellobello.org/cello-lessons/body-awareness/healthy-sitting-position/","0","","0","0","Indexable",""
"https://www.cellobello.org/cello-legacy/cellists/laura-blustein/","0","","0","0","Indexable",""
"https://www.cellobello.org/cello-legacy/cellists/ron-lowry/","0","","0","0","Indexable",""
"https://www.cellobello.org/cello-lessons/body-awareness/releasing-tension-a-teaching-priority/","0","","0","0","Indexable",""
"https://www.cellobello.org/cello-lessons/mindset/fingerboard-visualization/","0","","0","0","Indexable",""
"https://www.cellobello.org/cello-lessons/interpretation/master-class-rachmaninoff-cello-sonata-in-g-minor-mvt-3/","0","","0","0","Indexable",""
"https://www.cellobello.org/cello-legacy/cellists/matt-mcmanus/","0","","0","0","Indexable",""
"https://www.cellobello.org/cello-lessons/interpretation/tchaikovsky-rococo-var-1-2-bow/","0","","0","0","Indexable",""
"https://www.cellobello.org/cello-legacy/cellists/mark-churchill/","0","","0","0","Indexable",""
"https://www.cellobello.org/cello-lessons/practicing/alisa-weilerstein-interview-bow-grip-arm-weight/","0","","0","0","Indexable",""
"https://www.cellobello.org/cello-lessons/interpretation/tchaikovsky-rococo-theme-vibrato/","0","","0","0","Indexable",""
"https://www.cellobello.org/cello-lessons/category/practicing/page/2/","0","","0","0","Indexable",""
"https://www.cellobello.org/cello-lessons/body-awareness/eliminate-left-hand-tension-part-2/","0","","0","0","Indexable",""
"https://www.cellobello.org/cello-legacy/cellists/robert-demaine/","0","","0","0","Indexable",""
"https://www.cellobello.org/cello-lessons/mindset/projecting-pianissimo/","0","","0","0","Indexable",""
"https://www.cellobello.org/cello-legacy/cellists/eugene-kim/","0","","0","0","Indexable",""
"https://www.cellobello.org/cello-lessons/body-awareness/robert-demaine-interview-integrating-bow-body-motion/","0","","0","0","Indexable",""
"https://www.cellobello.org/cello-lessons/category/practicing/page/3/","0","","0","0","Indexable",""
"https://www.cellobello.org/cello-lessons/body-awareness/eliminate-left-hand-tension-part-1/","0","","0","0","Indexable",""
"https://www.cellobello.org/cello-lessons/mindset/expression-first-technique-second/","0","","0","0","Indexable",""
"https://www.cellobello.org/cello-legacy/cellists/alisa-weilerstein/","0","","0","0","Indexable",""
"https://www.cellobello.org/cello-lessons/mindset/holistic-education-for-cello-students/","0","","0","0","Indexable",""
"https://www.cellobello.org/cello-blog/chamber_music/the-rehearsal-mine-field-behind-the-scenes-of-a-music-festival-part-3/","0","","0","0","Indexable",""
"https://www.cellobello.org/cello-blog/tag/intonation/","0","","0","0","Indexable",""
"https://www.cellobello.org/cello-blog/chamber_music/the-viola-and-2nd-violin-the-unsung-heroes-of-chamber-music-groups/","0","","0","0","Indexable",""
"https://www.cellobello.org/cello-blog/tag/patience/","0","","0","0","Indexable",""
"https://www.cellobello.org/ensemble-lesson/quartet-intonation-part-2-melody-and-harmony-demand-different-solutions/","0","","0","0","Indexable",""
"https://www.cellobello.org/cello-blog/tag/distraction/","0","","0","0","Indexable",""
"https://www.cellobello.org/cello-blog/tag/expressive-intonation/","0","","0","0","Indexable",""
"https://www.cellobello.org/cello-blog/chamber_music/what-i-have-to-listen-too/","0","","0","0","Indexable",""
"https://www.cellobello.org/cello-blog/tag/environment/","0","","0","0","Indexable",""
"https://www.cellobello.org/cello-blog/tag/adjustments/","0","","0","0","Indexable",""
"https://www.cellobello.org/cello-blog/tag/onion/","0","","0","0","Indexable",""
"https://www.cellobello.org/cello-blog/tag/time/","0","","0","0","Indexable",""
"https://www.cellobello.org/cello-blog/tag/recordings/","0","","0","0","Indexable",""
"https://www.cellobello.org/cello-blog/tag/scheduling/","0","","0","0","Indexable",""
"https://www.cellobello.org/cello-blog/chamber_music/developing-musicianship-through-chamber-music/","0","","0","0","Indexable",""
"https://www.cellobello.org/cello-blog/tag/working/","0","","0","0","Indexable",""
"https://www.cellobello.org/cello-blog/tag/concentration/","0","","0","0","Indexable",""
"https://www.cellobello.org/cello-blog/tag/open-strings/","0","","0","0","Indexable",""
"https://www.cellobello.org/cello-blog/tag/listening/","0","","0","0","Indexable",""
"https://www.cellobello.org/cello-blog/tag/rosenberg/","0","","0","0","Indexable",""
"https://www.cellobello.org/cello-blog/tag/aron/","0","","0","0","Indexable",""
"https://www.cellobello.org/cello-blog/tag/intonation-exercises/","0","","0","0","Indexable",""
"https://www.cellobello.org/cello-blog/tag/success/","0","","0","0","Indexable",""
"https://www.cellobello.org/cello-blog/tag/opportunities/","0","","0","0","Indexable",""
"https://www.cellobello.org/cello-blog/tag/balance/","0","","0","0","Indexable",""
"https://www.cellobello.org/cello-blog/tag/colleagues/","0","","0","0","Indexable",""
"https://www.cellobello.org/cello-blog/category/practicing/","0","","0","0","Indexable",""
"https://www.cellobello.org/cello-blog/tag/editions/","0","","0","0","Indexable",""
"https://www.cellobello.org/cello-blog/tag/group-intonation/","0","","0","0","Indexable",""
"https://www.cellobello.org/ensemble-lesson/great-quartets-start-and-end-together/","0","","0","0","Indexable",""
"https://www.cellobello.org/cello-blog/tag/fuzzy-sound/","0","","0","0","Indexable",""
"https://www.cellobello.org/cello-blog/tag/articulation/","0","","0","0","Indexable",""
"https://www.cellobello.org/ensemble/verona-quartet/","0","","0","0","Indexable",""
"https://www.cellobello.org/cello-blog/chamber_music/working-with-the-infinite-onion/","0","","0","0","Indexable",""
"https://www.cellobello.org/cello-blog/tag/thomas/","0","","0","0","Indexable",""
"https://www.cellobello.org/cello-blog/tag/transition/","0","","0","0","Indexable",""
"https://www.cellobello.org/ensemble-lesson/projecting-the-cello-in-an-ensemble/","0","","0","0","Indexable",""
