"Address","Occurrences","Title 1","Title 1 Length","Title 1 Pixel Width","Indexability","Indexability Status"
"https://www.cellobello.org/cello-job/orchestra/tampere-philharmonic-orchestra-principal-and-assistant-principal-cello/","1","Tampere Philharmonic Orchestra: Principal and assistant principal cello - CelloBello","84","743","Indexable",""
"https://www.cellobello.org/cello-job/orchestra/artis-naples-naples-philharmonic-section-cello-one-year/","1","Artis-Naples, Naples Philharmonic: Section Cello (one year) - CelloBello","72","631","Indexable",""
"https://www.cellobello.org/cello-lessons/mindset/alisa-weilerstein-interview-psychology-sound-projection/","1","Alisa Weilerstein: Psychology of Sound Projection - CelloBello","62","545","Indexable",""
"https://www.cellobello.org/cello-competitions/","1","CelloCompetitions - A Worldwide Resource For Cello Competitions","63","590","Indexable",""
"https://www.cellobello.org/cello-jobs/","1","CelloJobs - CelloBello's Resource For Jobs for Cellists and Music Professionals","79","700","Indexable",""
"https://www.cellobello.org/ensemble-lesson/the-art-of-collaboration-warming-up-with-bach-chorales/","1","The Art of Collaboration: Warming Up With Bach Chorales - CelloBello","68","617","Indexable",""
"https://www.cellobello.org/event/consider-cellobello-during-national-estate-planning-awareness-week-nepaw/","1","Consider CelloBello during National Estate Planning Awareness Week (NEPAW) - CelloBello","87","811","Indexable",""
"https://www.cellobello.org/event/cellobello-gala-2021/","1","CelloBello Gala 2021: A Celebration of Founder and Artistic Director Paul Katz’s 80th Birthday - CelloBello","107","932","Indexable",""
"https://www.cellobello.org/cello-lessons/history/saint-saens-the-swan-from-carnival-of-the-animals/","1","Saint-Saëns: “The Swan” from Carnival of the Animals - CelloBello","65","585","Indexable",""
"https://www.cellobello.org/cello-lessons/interpretation/master-class-schubert-arpeggione-sonata-mvt-3/","1","Master Class: Schubert ""Arpeggione"" Sonata Mvt. 3 - CelloBello","62","559","Indexable",""
"https://www.cellobello.org/cello-lessons/history/tchaikovsky-valse-sentimentale-from-six-pieces-op-51/","1","Tchaikovsky: “Valse sentimentale” from Six Pieces, Op. 51 - CelloBello","70","622","Indexable",""
"https://www.cellobello.org/cello-lessons/history/bach-suite-no-3-in-c-major-bwv-1009-bourree-i-ii/","1","Bach: Suite No. 3 in C Major, BWV 1009, Bourrée I & II - CelloBello","67","573","Indexable",""
"https://www.cellobello.org/cello-lessons/interpretation/master-class-beethoven-cello-sonata-no-4-andante/","1","Master Class: Beethoven Cello Sonata No. 4, Andante - CelloBello","64","580","Indexable",""
"https://www.cellobello.org/ensemble-lesson/beethoven-string-quartet-no-13-in-bb-major-op-130-with-grosse-fuge-op-133/","1","Beethoven String Quartet No. 13 in Bb Major, Op. 130, with Grosse Fuge Op. 133 - CelloBello","91","812","Indexable",""
"https://www.cellobello.org/ensemble-lesson/beethoven-string-quartet-no-15-in-a-minor-op-132/","1","Beethoven String Quartet No. 15 in A Minor, Op. 132 - CelloBello","64","565","Indexable",""
"https://www.cellobello.org/cello-blog/chamber_music/reflections-on-the-17-beethoven-string-quartets-part-3-of-5/","1","Reflections on the 17 Beethoven String Quartets: The Late Period Quartets (Part 3 of 5) - CelloBello","100","881","Indexable",""
"https://www.cellobello.org/ensemble-lesson/beethoven-string-quartet-no-14-in-c-minor-op-131/","1","Beethoven String Quartet No. 14 in C# minor, Op. 131 - CelloBello","65","578","Indexable",""
"https://www.cellobello.org/ensemble-lesson/beethoven-string-quartet-no-12-in-eb-major-op-127/","1","Beethoven String Quartet No. 12 in Eb Major, Op. 127 - CelloBello","65","574","Indexable",""
"https://www.cellobello.org/cello-blog/chamber_music/reflections-on-the-17-beethoven-string-quartets-part-4-of-5/","1","Reflections on the 17 Beethoven String Quartets: Some Interpretive Considerations (Part 4 of 5) - CelloBello","108","955","Indexable",""
"https://www.cellobello.org/ensemble-lesson/beethoven-string-quartet-no-16-in-f-major-op-135/","1","Beethoven String Quartet No. 16 in F Major Op. 135 - CelloBello","63","559","Indexable",""
"https://www.cellobello.org/cello-lessons/history/brant-taylor-starkers-cello-bridge-and-teaching/","1","Brant Taylor: Starker’s Cello, Bridge and Teaching - CelloBello","63","543","Indexable",""
"https://www.cellobello.org/cello-lessons/history/pablo-pau-casals-interview-and-performance-1955/","1","Pablo (Pau) Casals Interview and Performance (1955) - CelloBello","64","585","Indexable",""
"https://www.cellobello.org/cello-lessons/history/beethoven-cello-sonata-no-3-in-a-major-op-69/","1","Beethoven: Cello Sonata No. 3 in A major, Op. 69 - CelloBello","61","536","Indexable",""
"https://www.cellobello.org/cello-lessons/history/pablo-pau-casals-master-class-dvorak-cello-concerto-part-2-of-3/","1","Pablo (Pau) Casals Master Class: Dvořák Cello Concerto (Part 2 of 3) - CelloBello","81","717","Indexable",""
"https://www.cellobello.org/cello-lessons/history/master-class-dvorak-cello-concerto-in-b-minor-op-104-mvt-1/","1","Master Class: Dvořák Cello Concerto in B minor, Op. 104, Mvt. 1 - CelloBello","76","666","Indexable",""
"https://www.cellobello.org/cello-lessons/history/pablo-pau-casals-master-class-dvorak-cello-concerto-part-3-of-3/","1","Pablo (Pau) Casals Master Class: Dvořák Cello Concerto (Part 3 of 3) - CelloBello","81","717","Indexable",""
"https://www.cellobello.org/ensemble-lesson/quartet-intonation-part-1-the-open-strings-dilemma/","1","Quartet Intonation (Part 1) – The Open Strings Dilemma - CelloBello","67","604","Indexable",""
"https://www.cellobello.org/events/","1","Events from Friday, October 1, 2021 – Sunday, December 26, 2021 – CelloBello","76","697","Indexable",""
"https://www.cellobello.org/events/category/ensemblechat/","1","Events from Friday, October 1, 2021 – Sunday, December 26, 2021 › EnsembleChat ›  – CelloBello","94","854","Indexable",""
"https://www.cellobello.org/cello-lessons/body-awareness/bridges-and-bows-may-cause-excess-physical-tension/","1","Bridges and Bows May Cause Excess Physical Tension - CelloBello","63","588","Indexable",""
"https://www.cellobello.org/cello-lessons/interpretation/master-class-rachmaninoff-cello-sonata-in-g-minor-mvt-3/","1","Master Class: Rachmaninoff Cello Sonata in g minor, Mvt. 3 - CelloBello","71","633","Indexable",""
"https://www.cellobello.org/cello-lessons/practicing/alisa-weilerstein-interview-bow-grip-arm-weight/","1","Alisa Weilerstein Interview: Bow Grip & Arm Weight - CelloBello","63","560","Indexable",""
"https://www.cellobello.org/cello-lessons/body-awareness/robert-demaine-interview-integrating-bow-body-motion/","1","Robert deMaine Interview: Integrating Bow & Body Motion - CelloBello","68","615","Indexable",""
"https://www.cellobello.org/cello-blog/chamber_music/the-rehearsal-mine-field-behind-the-scenes-of-a-music-festival-part-3/","1","Behind the Scenes of a Music Festival (Part 3): The Rehearsal Mine Field - CelloBello","85","750","Indexable",""
"https://www.cellobello.org/cello-blog/chamber_music/the-viola-and-2nd-violin-the-unsung-heroes-of-chamber-music-groups/","1","The Viola and 2nd Violin (The Unsung Heroes of Chamber Music Groups!) - CelloBello","82","756","Indexable",""
"https://www.cellobello.org/ensemble-lesson/quartet-intonation-part-2-melody-and-harmony-demand-different-solutions/","1","Quartet Intonation (Part 2): Melody and Harmony Demand Different Solutions - CelloBello","87","791","Indexable",""
